ID,COMUNIDAD,MUNICIPIO,REGION,PROVINCIA,PROPOSITO,PROPOSITO_ORIGINAL,AREA_PLANTADA_HA,PLANTINES,TIPO_PLANTA,CAMPAÑA,SIG_GEOMETRIAS_ID,DOCUMENTOS_ID
1,PAJCHA 01,ALALAY,Cono Sur,Carrasco,COMERCIAL,COMERCIAL,3.44,3500,Pinus radiata,2025-2026,175,
2,AGUADA B,VILA VILA,Cono Sur,Carrasco,COMERCIAL,COMERCIAL,3.5,3500,PINO RADIATA / PINO CIPRES / JARKA,2026,176,
3,AGUADA B,VILA VILA,Cono Sur,Carrasco,COMERCIAL,COMERCIAL,3.5,3500,,,177,
4,AGUADA B,VILA VILA,Cono Sur,Carrasco,COMERCIAL,COMERCIAL,3,3000,,,178,
5,CUEVAS PAMPA,VILA VILA,Cono Sur,Carrasco,COMERCIAL,COMERCIAL,1,1000,,,179,
6,SIVINGANI ALTO,VILA VILA,Cono Sur,Carrasco,COMERCIAL,COMERCIAL,2,2000,,,180,
7,SIVINGANI ALTO,VILA VILA,Cono Sur,Carrasco,COMERCIAL,COMERCIAL,2,2000,,,181,
8,MULLU KUCHU,VILA VILA,Cono Sur,Carrasco,COMERCIAL,COMERCIAL,1,1000,,,182,
9,TUTI SAN ISIDRO,SAN BENITO,Valles,Cercado,COMERCIAL,COMERCIAL,3.52,5000,PINO RADIATA,2023,183,
10,TUTI ALTO,SAN BENITO,Valles,Cercado,COMERCIAL,COMERCIAL,0.3,10000,PINO RADIATA,2024,184,
11,PAJCHA PUJRO,SAN BENITO,Valles,Cercado,COMERCIAL,COMERCIAL,3.37,5000,PINO RADIATA,2024,185,
12,TUTI SAN ISIDRO,SAN BENITO,Valles,Cercado,COMERCIAL,COMERCIAL,5,5000,PINO RADIATA,2025,186,
13,PAJCHA PUJRO,SAN BENITO,Valles,Cercado,COMERCIAL,COMERCIAL,7.36,10000,PINO RADIATA,2026,187,
14,MOROCHATA,ANZALDO,Valles,Campero,COMERCIAL,COMERCIAL,5.11,,PINO RADIATA,2025-2026,188,
15,MOROCHATA,ANZALDO,Valles,Campero,COMERCIAL,COMERCIAL,0.92,,PINO RADIATA,,189,
16,MOROCHATA,ANZALDO,Valles,Campero,COMERCIAL,COMERCIAL,0.56,,PINO RADIATA,,190,
17,SIVINGANI,ANZALDO,Valles,Campero,COMERCIAL,COMERCIAL,1.31,,PINO RADIATA,,191,
18,SIVINGANI,ANZALDO,Valles,Campero,COMERCIAL,COMERCIAL,0.15,,PINO RADIATA,,192,
19,SIVINGANI,ANZALDO,Valles,Campero,COMERCIAL,COMERCIAL,0.1,,PINO RADIATA,,193,
20,SIVINGANI,ANZALDO,Valles,Campero,COMERCIAL,COMERCIAL,0.45,,PINO RADIATA,,194,
21,TOLAHARA,ANZALDO,Valles,Campero,COMERCIAL,COMERCIAL,14.59,,PINO RADIATA,,195,
22,PAJCHAPATA LUX,ANZALDO,Valles,Campero,COMERCIAL,COMERCIAL,14,,PINO RADIATA,,196,
23,PAJCHAPATA LUX,ANZALDO,Valles,Campero,COMERCIAL,COMERCIAL,3,,PINO RADIATA,,197,
24,PAJCHAPATA LUX,ANZALDO,Valles,Campero,COMERCIAL,COMERCIAL,6.67,,PINO RADIATA,,198,
25,PAMPA CHURIGUA,SANTIVAÑEZ,,,COMERCIAL,COMERCIAL,0.9,1000,PINO RADIATA,2025,199,
26,PAMPA CHURIGUA,SANTIVAÑEZ,,,COMERCIAL,COMERCIAL,0.9,1000,PINO RADIATA,2025,200,
27,RANCHO NUEVO,SANTIVAÑEZ,,,COMERCIAL,COMERCIAL,0.72,800,TARA,2026,201,
28,VILLA HERMOSA,INDEPENDENCIA,,,COMERCIAL,COMERCIAL,2.5,,PINO RADIATA,,202,
29,GHOCHIPAMPA,INDEPENDENCIA,,,COMERCIAL,COMERCIAL,2.5,,PINO RADIATA,,203,
30,RAQAYPAMPA,TOTORA,Cono Sur,Mizque,COMERCIAL,COMERCIAL,4.62,4000,PINO RADIATA,2025-2026,204,
31,MISCAMAYU- 2 DE AGOSTO,TIRAQUE,Cono Sur,German Jordan,COMERCIAL,COMERCIAL,12.8,10000,PINO RADIATA,2025-2026,205,
32,PAIRUMANI BAJO,TIRAQUE,Cono Sur,German Jordan,COMERCIAL,COMERCIAL,2.3,3000,PINO RADIATA,,206,
33,SANKAYANI,TIRAQUE,Cono Sur,German Jordan,COMERCIAL,COMERCIAL,11.5,7000,PINO RADIATA,,207,
34,SANKAYANI,TIRAQUE,Cono Sur,German Jordan,COMERCIAL,COMERCIAL,12.6,8000,PINO RADIATA,,208,
35,SANKAYANI ALTO,TIRAQUE,Cono Sur,German Jordan,COMERCIAL,COMERCIAL,6.63,10000,PINO RADIATA,,209,
36,BOQUERON ALTO,TIRAQUE,Cono Sur,German Jordan,COMERCIAL,COMERCIAL,7.65,10000,PINO RADIATA,,210,
37,PALCA,TIRAQUE,Cono Sur,German Jordan,COMERCIAL,COMERCIAL,11.3,10000,PINO RADIATA,,211,
38,PALCA B,TIRAQUE,Cono Sur,German Jordan,COMERCIAL,COMERCIAL,11.1,12000,PINO RADIATA,,212,
39,TOLA PAMPA BAJO,TIRAQUE,Cono Sur,German Jordan,COMERCIAL,COMERCIAL,5.35,10000,PINO RADIATA,,213,
40,BOQUERON -1RO DE MARZO,TIRAQUE,Cono Sur,German Jordan,COMERCIAL,COMERCIAL,8,13000,PINO RADIATA,,214,
41,MISKA MAYU,TIRAQUE,Cono Sur,German Jordan,COMERCIAL,COMERCIAL,8.1,5000,PINO RADIATA,,215,
42,RUMI CORRAL,ALALAY,Cono Sur,Carrasco,SIN CLASIFICAR,,3.1,3000,,,216,
43,MURU KULLO,ALALAY,Cono Sur,Carrasco,SIN CLASIFICAR,,9,9500,,,217,
44,ALALAY 02 (KHATA),ALALAY,Cono Sur,Carrasco,SIN CLASIFICAR,,3.1,3350,,,218,
45,ALALAY 01 (KHATA),ALALAY,Cono Sur,Carrasco,SIN CLASIFICAR,,1.85,2200,,,219,
46,PAJCHA 02,ALALAY,Cono Sur,Carrasco,SIN CLASIFICAR,,0.98,1150,,,220,
47,PUNKILLO 01,ALALAY,Cono Sur,Carrasco,SIN CLASIFICAR,,4.15,3800,,,221,
48,PUNKILLO 02,ALALAY,Cono Sur,Carrasco,SIN CLASIFICAR,,2,2100,,,222,
49,YANAGAGA,ALALAY,Cono Sur,Carrasco,SIN CLASIFICAR,,2,2500,,,223,
50,ALALAY 03,ALALAY,Cono Sur,Carrasco,SIN CLASIFICAR,,2.36,2500,,,224,
51,MUYURINA 01,ALALAY,Cono Sur,Carrasco,SIN CLASIFICAR,,0.86,1000,,,225,
52,MUYURINA 02,ALALAY,Cono Sur,Carrasco,SIN CLASIFICAR,,4.5,7000,,,226,
53,SAYANI,VILLA G. VILLARROÉL,,,SIN CLASIFICAR,,2.44,10000,,2025-2026,227,
54,CONVENTO PAMPA,VILLA G. VILLARROÉL,,,SIN CLASIFICAR,,1.4,5000,,,228,
55,URA YANA RUMI,VILLA G. VILLARROÉL,,,SIN CLASIFICAR,,1.1,5000,,,229,
56,VILLA VICTORIA (FASE I),VILLA G. VILLARROÉL,,,SIN CLASIFICAR,,1.5,6000,,,230,
57,THOLA MAYU,AIQUILE,Cono Sur,,SIN CLASIFICAR,,2.47,,,2025-2026,231,
58,THOLA MAYU,AIQUILE,Cono Sur,,SIN CLASIFICAR,,0.83,,,2025-2026,232,
59,THOLA MAYU,AIQUILE,Cono Sur,,SIN CLASIFICAR,,0.97,,,2025-2026,233,
60,PIRHUA PIRHUA,AIQUILE,Cono Sur,,SIN CLASIFICAR,,3.11,,,2025-2026,234,
61,RECARGAS HIDRICAS TIRAQUE,TIRAQUE,Cono Sur,German Jordan,SIN CLASIFICAR,,1.15,1500,KEWIÑA,,235,
62,RECARGAS HIDRICAS TIRAQUE,TIRAQUE,Cono Sur,German Jordan,SIN CLASIFICAR,,0.77,1000,KEWIÑA,,236,
63,LAGUNILLAS,TIRAQUE,Cono Sur,German Jordan,SIN CLASIFICAR,,0.38,500,ALISO,,237,
64,TABLAS MONTE,COLOMI,Tropico,Bolivar,SIN CLASIFICAR,,1.78,2000,GUAYABA,2025-2026,238,
65,SUB CENTRAL ASERRADERO,COLOMI,Tropico,Bolivar,SIN CLASIFICAR,,1.78,2000,PINO PATULA,,239,
66,CHULLUMANI,COLOMI,Tropico,Bolivar,SIN CLASIFICAR,,8.01,9000,PINO PATULA,,240,
67,ALTO CORANI,COLOMI,Tropico,Bolivar,SIN CLASIFICAR,,0.89,1000,PINO CIPRES,,241,
68,HACHI,COLOMI,Tropico,Bolivar,SIN CLASIFICAR,,0.89,1000,PINO CIPRES,,242,
69,KICHKA MUQU,COLOMI,Tropico,Bolivar,SIN CLASIFICAR,,0.26,300,PINO CIPRES,,243,
70,LIRIUNI,COLOMI,Tropico,Bolivar,SIN CLASIFICAR,,3.56,4000,PINO PATULA,,244,
71,SIVINGANI ALTO,VILA VILA,Cono Sur,Carrasco,PROTECCION Y RESTAURACION DE FUENTES DE AGUA Y SUELOS,PROTECCIÓN,1,1000,,,245,
72,MULLU KUCHU,VILA VILA,Cono Sur,Carrasco,PROTECCION Y RESTAURACION DE FUENTES DE AGUA Y SUELOS,PROTECCION Y RESTAURACION DE FUENTES DE AGUA Y SUELOS,1,1000,,,246,
73,MULLU KUCHU,VILA VILA,Cono Sur,Carrasco,PROTECCION Y RESTAURACION DE FUENTES DE AGUA Y SUELOS,PROTECCION Y RESTAURACION DE FUENTES DE AGUA Y SUELOS,0.5,500,,,247,
74,MULU FALDA,VILA VILA,Cono Sur,Carrasco,PROTECCION Y RESTAURACION DE FUENTES DE AGUA Y SUELOS,PROTECCION Y RESTAURACION DE FUENTES DE AGUA Y SUELOS,1,1000,,,248,
75,MULU FALDA,VILA VILA,Cono Sur,Carrasco,PROTECCION Y RESTAURACION DE FUENTES DE AGUA Y SUELOS,PROTECCION Y RESTAURACION DE FUENTES DE AGUA Y SUELOS,0.5,500,,,249,
76,CAROMA,VILA VILA,Cono Sur,Carrasco,PROTECCION Y RESTAURACION DE FUENTES DE AGUA Y SUELOS,PROTECCION Y RESTAURACION DE FUENTES DE AGUA Y SUELOS,0.5,500,,,250,
77,PILPINA,VILA VILA,Cono Sur,Carrasco,PROTECCION Y RESTAURACION DE FUENTES DE AGUA Y SUELOS,PROTECCION Y RESTAURACION DE FUENTES DE AGUA Y SUELOS,0.6,600,,,251,
78,HUAÑOAMA,VILA VILA,Cono Sur,Carrasco,PROTECCION Y RESTAURACION DE FUENTES DE AGUA Y SUELOS,PROTECCION Y RESTAURACION DE FUENTES DE AGUA Y SUELOS,0.9,900,,,252,
79,MOJON,VILA VILA,Cono Sur,Carrasco,PROTECCION Y RESTAURACION DE FUENTES DE AGUA Y SUELOS,PROTECCION Y RESTAURACION DE FUENTES DE AGUA Y SUELOS,0.5,500,,,253,
80,KEWIÑA LOMA,SAN BENITO,Valles,Cercado,PROTECCION Y RESTAURACION DE FUENTES DE AGUA Y SUELOS,PROTECCIÓN,3,2000,PINO RADIATA,2026,254,
81,SIVINGANI,ANZALDO,Valles,Campero,PROTECCION Y RESTAURACION DE FUENTES DE AGUA Y SUELOS,PROTECCIÓN,0.24,,NATIVO,,255,
82,TOLAHARA,ANZALDO,Valles,Campero,PROTECCION Y RESTAURACION DE FUENTES DE AGUA Y SUELOS,PROTECCIÓN,0.14,,NATIVO,,256,
83,TOLAHARA,ANZALDO,Valles,Campero,PROTECCION Y RESTAURACION DE FUENTES DE AGUA Y SUELOS,PROTECCIÓN,0.1,,NATIVO,,257,
84,TOLAHARA,ANZALDO,Valles,Campero,PROTECCION Y RESTAURACION DE FUENTES DE AGUA Y SUELOS,PROTECCIÓN,0.0348,,NATIVO,,258,
85,SAUCINI,SANTIVAÑEZ,,,PROTECCION Y RESTAURACION DE FUENTES DE AGUA Y SUELOS,PROTECCIÓN,3.6,4000,NATIVO,2025,259,
86,SAUCINI,SANTIVAÑEZ,,,PROTECCION Y RESTAURACION DE FUENTES DE AGUA Y SUELOS,PROTECCIÓN,3.6,4000,NATIVO,2025,260,
87,SAUCINI,SANTIVAÑEZ,,,PROTECCION Y RESTAURACION DE FUENTES DE AGUA Y SUELOS,PROTECCIÓN,0.9,1000,NATIVO,2026,261,
88,SAUCINI,SANTIVAÑEZ,,,PROTECCION Y RESTAURACION DE FUENTES DE AGUA Y SUELOS,PROTECCIÓN,0.9,1000,NATIVO,2026,262,
89,CARRETERA,SANTIVAÑEZ,,,PROTECCION Y RESTAURACION DE FUENTES DE AGUA Y SUELOS,PROTECCIÓN,0.9,1000,NATIVO,2025,263,
90,CARRETERA,SANTIVAÑEZ,,,PROTECCION Y RESTAURACION DE FUENTES DE AGUA Y SUELOS,PROTECCIÓN,0.9,1000,NATIVO,2025,264,
91,CHIUCHI,POCONA,Cono Sur,Arque,MIXTO (COMERCIAL / PROTECCION),COMERCIAL Y PROTECCIÓN DE EROSIÓN DE SUELO EN PENDIENTES DE LA COMUNIDAD.,15,15000,PINO RADIATA,2025-2026,265,
92,QOPI ESQUINA,POCONA,Cono Sur,Arque,MIXTO (COMERCIAL / PROTECCION),PROTECCIÓN DE VIENTOS FUERTES Y COMERCIAL.,5,5000,PINO RADIATA,,266,
93,HOYADAS,TOTORA,Cono Sur,Mizque,RESTAURACION,RESTAURACIÓN,1.59,350,JACARANDA / MOLLE,2025-2026,267,
94,ARDILA,TOTORA,Cono Sur,Mizque,RESTAURACION,RESTAURACIÓN,1.59,250,JACARANDA,2025-2026,268,
