ID,CAPA_ID,ESTILO_ID,TIPO_ID,GEOJSON,NOMBRE,DESCRIPCION,ESTADO,ELIMINADO
175,2,2,1,"{""type"": ""Feature"", ""geometry"": {""type"": ""Point"", ""coordinates"": [-65.6109336, -17.72694681]}, ""properties"": {}}",ALALAY - PAJCHA 01 - COMERCIAL,,,
176,2,2,1,"{""type"": ""Feature"", ""geometry"": {""type"": ""Point"", ""coordinates"": [-65.7039486, -17.8498712]}, ""properties"": {}}",VILA VILA - AGUADA B - COMERCIAL,,,
177,2,2,1,"{""type"": ""Feature"", ""geometry"": {""type"": ""Point"", ""coordinates"": [-65.70340035, -17.83745654]}, ""properties"": {}}",VILA VILA - AGUADA B - COMERCIAL (2),,,
178,2,2,1,"{""type"": ""Feature"", ""geometry"": {""type"": ""Point"", ""coordinates"": [-65.69780927, -17.8781691]}, ""properties"": {}}",VILA VILA - AGUADA B - COMERCIAL (3),,,
179,2,2,1,"{""type"": ""Feature"", ""geometry"": {""type"": ""Point"", ""coordinates"": [-65.67923066, -17.82321745]}, ""properties"": {}}",VILA VILA - CUEVAS PAMPA - COMERCIAL,,,
180,2,2,1,"{""type"": ""Feature"", ""geometry"": {""type"": ""Point"", ""coordinates"": [-65.67181265, -17.90999037]}, ""properties"": {}}",VILA VILA - SIVINGANI ALTO - COMERCIAL,,,
181,2,2,1,"{""type"": ""Feature"", ""geometry"": {""type"": ""Point"", ""coordinates"": [-65.66958925, -17.92402754]}, ""properties"": {}}",VILA VILA - SIVINGANI ALTO - COMERCIAL (2),,,
182,2,2,1,"{""type"": ""Feature"", ""geometry"": {""type"": ""Point"", ""coordinates"": [-65.66315383, -17.91824585]}, ""properties"": {}}",VILA VILA - MULLU KUCHU - COMERCIAL,,,
183,2,2,1,"{""type"": ""Feature"", ""geometry"": {""type"": ""Point"", ""coordinates"": [-65.8756995, -17.4756218]}, ""properties"": {}}",SAN BENITO - TUTI SAN ISIDRO - COMERCIAL,,,
184,2,2,1,"{""type"": ""Feature"", ""geometry"": {""type"": ""Point"", ""coordinates"": [-65.85652861, -17.44697576]}, ""properties"": {}}",SAN BENITO - TUTI ALTO - COMERCIAL,,,
185,2,2,1,"{""type"": ""Feature"", ""geometry"": {""type"": ""Point"", ""coordinates"": [-65.91824018, -17.46698323]}, ""properties"": {}}",SAN BENITO - PAJCHA PUJRO - COMERCIAL,,,
186,2,2,1,"{""type"": ""Feature"", ""geometry"": {""type"": ""Point"", ""coordinates"": [-65.8756995, -17.4756218]}, ""properties"": {}}",SAN BENITO - TUTI SAN ISIDRO - COMERCIAL (2),,,
187,2,2,3,"{""type"": ""Feature"", ""geometry"": {""type"": ""Polygon"", ""coordinates"": [[[-65.91931602, -17.46778008], [-65.9192842, -17.46755481], [-65.91902923, -17.46749535], [-65.91905514, -17.4673505], [-65.91905111, -17.46709773], [-65.91906037, -17.46708857], [-65.91931448, -17.46709386], [-65.91959666, -17.46708972], [-65.91989751, -17.46707627], [-65.92000765, -17.46690309], [-65.92003543, -17.46687559], [-65.92005352, -17.46683018], [-65.92023094, -17.46674631], [-65.92022125, -17.46672839], [-65.92044003, -17.46687868], [-65.92063742, -17.46686675], [-65.92082323, -17.46671954], [-65.92090961, -17.46682663], [-65.92101553, -17.46697857], [-65.92118685, -17.46710246], [-65.92124401, -17.46714677], [-65.92136586, -17.46711789], [-65.92144082, -17.46709873], [-65.9215845, -17.46725915], [-65.92161517, -17.4674122], [-65.92177579, -17.46745498], [-65.9218807, -17.46754374], [-65.92195724, -17.46762387], [-65.9220503, -17.4675593], [-65.92216969, -17.46737696], [-65.92224292, -17.46724947], [-65.92208014, -17.46707127], [-65.92202312, -17.46703599], [-65.92214353, -17.46691684], [-65.92214065, -17.46673629], [-65.92204039, -17.4663495], [-65.92186009, -17.46625283], [-65.92165158, -17.46615657], [-65.92147128, -17.4660599], [-65.92130907, -17.46591781], [-65.92119418, -17.46579309], [-65.9210039, -17.46566044], [-65.92076458, -17.46540211], [-65.92060295, -17.46529613], [-65.9203846, -17.46517293], [-65.92021399, -17.46509417], [-65.92006811, -17.46538525], [-65.91994698, -17.46545927], [-65.91972066, -17.46542648], [-65.91962847, -17.46554521], [-65.91958231, -17.46560007], [-65.91965261, -17.46587895], [-65.91975061, -17.46553439], [-65.91944031, -17.46613489], [-65.91936607, -17.46619919], [-65.91920617, -17.46620154], [-65.91915827, -17.46614806], [-65.91902716, -17.46618611], [-65.91898013, -17.4661868], [-65.91885325, -17.46589972], [-65.91883372, -17.46585486], [-65.91855298, -17.46594928], [-65.91856546, -17.4655518], [-65.91850945, -17.46557971], [-65.91834231, -17.46571761], [-65.91828064, -17.46598037], [-65.91821767, -17.46616188], [-65.91806991, -17.46633561], [-65.91800896, -17.46664351], [-65.91784892, -17.46663683], [-65.91775802, -17.46683681], [-65.91788045, -17.46684404], [-65.91767826, -17.46714498], [-65.91762298, -17.46721803], [-65.91776594, -17.46733331], [-65.91776594, -17.46733331], [-65.91791787, -17.46742138], [-65.91820279, -17.46758875], [-65.91868783, -17.46791572], [-65.9188305, -17.46801295], [-65.91933104, -17.46813201], [-65.91931602, -17.46778008]]]}, ""properties"": {}}",SAN BENITO - PAJCHA PUJRO - COMERCIAL (2),,,
188,2,2,1,"{""type"": ""Feature"", ""geometry"": {""type"": ""Point"", ""coordinates"": [-65.87088798, -17.85866513]}, ""properties"": {}}",ANZALDO - MOROCHATA - COMERCIAL,,,
189,2,2,1,"{""type"": ""Feature"", ""geometry"": {""type"": ""Point"", ""coordinates"": [-65.86914805, -17.86070433]}, ""properties"": {}}",ANZALDO - MOROCHATA - COMERCIAL (2),,,
190,2,2,1,"{""type"": ""Feature"", ""geometry"": {""type"": ""Point"", ""coordinates"": [-65.87152807, -17.85852125]}, ""properties"": {}}",ANZALDO - MOROCHATA - COMERCIAL (3),,,
191,2,2,1,"{""type"": ""Feature"", ""geometry"": {""type"": ""Point"", ""coordinates"": [-65.99312974, -17.82483779]}, ""properties"": {}}",ANZALDO - SIVINGANI - COMERCIAL,,,
192,2,2,1,"{""type"": ""Feature"", ""geometry"": {""type"": ""Point"", ""coordinates"": [-65.99222187, -17.82353351]}, ""properties"": {}}",ANZALDO - SIVINGANI - COMERCIAL (2),,,
193,2,2,1,"{""type"": ""Feature"", ""geometry"": {""type"": ""Point"", ""coordinates"": [-65.99080934, -17.82361835]}, ""properties"": {}}",ANZALDO - SIVINGANI - COMERCIAL (3),,,
194,2,2,1,"{""type"": ""Feature"", ""geometry"": {""type"": ""Point"", ""coordinates"": [-65.99063767, -17.82406339]}, ""properties"": {}}",ANZALDO - SIVINGANI - COMERCIAL (4),,,
195,2,2,1,"{""type"": ""Feature"", ""geometry"": {""type"": ""Point"", ""coordinates"": [-65.98858755, -17.86498591]}, ""properties"": {}}",ANZALDO - TOLAHARA - COMERCIAL,,,
196,2,2,1,"{""type"": ""Feature"", ""geometry"": {""type"": ""Point"", ""coordinates"": [-65.94150266, -17.72020775]}, ""properties"": {}}",ANZALDO - PAJCHAPATA LUX - COMERCIAL,,,
197,2,2,1,"{""type"": ""Feature"", ""geometry"": {""type"": ""Point"", ""coordinates"": [-65.94039133, -17.71272118]}, ""properties"": {}}",ANZALDO - PAJCHAPATA LUX - COMERCIAL (2),,,
198,2,2,1,"{""type"": ""Feature"", ""geometry"": {""type"": ""Point"", ""coordinates"": [-65.95381944, -17.70200075]}, ""properties"": {}}",ANZALDO - PAJCHAPATA LUX - COMERCIAL (3),,,
199,2,2,1,"{""type"": ""Feature"", ""geometry"": {""type"": ""Point"", ""coordinates"": [-66.14648097, -17.60901733]}, ""properties"": {}}",SANTIVAÑEZ - PAMPA CHURIGUA - COMERCIAL [pto 1],,,
200,2,2,1,"{""type"": ""Feature"", ""geometry"": {""type"": ""Point"", ""coordinates"": [-66.14576756, -17.60817049]}, ""properties"": {}}",SANTIVAÑEZ - PAMPA CHURIGUA - COMERCIAL [pto 2],,,
201,2,2,3,"{""type"": ""Feature"", ""geometry"": {""type"": ""Polygon"", ""coordinates"": [[[-66.14765272, -17.53431407], [-66.20109278, -17.53518113], [-65.35371004, -18.30167297], [-65.39064996, -18.26098104], [-65.53284204, -18.22978601], [-65.32339302, -18.205685], [-65.35901203, -18.13286601], [-65.38256101, -18.18876103], [-65.38153295, -18.19513801], [-66.14765272, -17.53431407]]]}, ""properties"": {}}",SANTIVAÑEZ - RANCHO NUEVO - COMERCIAL,,,
202,2,2,1,"{""type"": ""Feature"", ""geometry"": {""type"": ""Point"", ""coordinates"": [-66.80758729, -17.3804673]}, ""properties"": {}}",INDEPENDENCIA - VILLA HERMOSA - COMERCIAL,,,
203,2,2,1,"{""type"": ""Feature"", ""geometry"": {""type"": ""Point"", ""coordinates"": [-66.88934709, -17.02630593]}, ""properties"": {}}",INDEPENDENCIA - GHOCHIPAMPA - COMERCIAL,,,
204,2,2,3,"{""type"": ""Feature"", ""geometry"": {""type"": ""Polygon"", ""coordinates"": [[[-65.10983168, -17.68410026], [-65.11088326, -17.68157611], [-65.11850383, -17.69651017], [-65.12192833, -17.68866854], [-65.11147661, -17.68285147], [-65.11245255, -17.68304154], [-65.11229181, -17.68381901], [-65.11519387, -17.68037645], [-65.12041444, -17.6787143], [-65.11076829, -17.68469169], [-65.11475667, -17.69019167], [-65.123855, -17.6837233], [-65.11978498, -17.68672995], [-65.1211867, -17.69381996], [-65.12717, -17.68723334], [-65.10983168, -17.68410026]]]}, ""properties"": {}}",TOTORA - RAQAYPAMPA - COMERCIAL,,,
205,2,2,1,"{""type"": ""Feature"", ""geometry"": {""type"": ""Point"", ""coordinates"": [-65.47594981, -17.54658828]}, ""properties"": {}}",TIRAQUE - MISCAMAYU- 2 DE AGOSTO - COMERCIAL,,,
206,2,2,1,"{""type"": ""Feature"", ""geometry"": {""type"": ""Point"", ""coordinates"": [-65.47673982, -17.47021002]}, ""properties"": {}}",TIRAQUE - PAIRUMANI BAJO - COMERCIAL,,,
207,2,2,1,"{""type"": ""Feature"", ""geometry"": {""type"": ""Point"", ""coordinates"": [-65.64892666, -17.36357352]}, ""properties"": {}}",TIRAQUE - SANKAYANI - COMERCIAL,,,
208,2,2,1,"{""type"": ""Feature"", ""geometry"": {""type"": ""Point"", ""coordinates"": [-65.64574584, -17.36585551]}, ""properties"": {}}",TIRAQUE - SANKAYANI - COMERCIAL (2),,,
209,2,2,1,"{""type"": ""Feature"", ""geometry"": {""type"": ""Point"", ""coordinates"": [-65.63148032, -17.38655454]}, ""properties"": {}}",TIRAQUE - SANKAYANI ALTO - COMERCIAL,,,
210,2,2,1,"{""type"": ""Feature"", ""geometry"": {""type"": ""Point"", ""coordinates"": [-65.60216838, -17.4424768]}, ""properties"": {}}",TIRAQUE - BOQUERON ALTO - COMERCIAL,,,
211,2,2,1,"{""type"": ""Feature"", ""geometry"": {""type"": ""Point"", ""coordinates"": [-65.48671158, -17.53380691]}, ""properties"": {}}",TIRAQUE - PALCA - COMERCIAL,,,
212,2,2,1,"{""type"": ""Feature"", ""geometry"": {""type"": ""Point"", ""coordinates"": [-65.47608265, -17.53039638]}, ""properties"": {}}",TIRAQUE - PALCA B - COMERCIAL,,,
213,2,2,1,"{""type"": ""Feature"", ""geometry"": {""type"": ""Point"", ""coordinates"": [-65.43258194, -17.49039512]}, ""properties"": {}}",TIRAQUE - TOLA PAMPA BAJO - COMERCIAL,,,
214,2,2,1,"{""type"": ""Feature"", ""geometry"": {""type"": ""Point"", ""coordinates"": [-65.596529, -17.48564631]}, ""properties"": {}}",TIRAQUE - BOQUERON -1RO DE MARZO - COMERCIAL,,,
215,2,2,1,"{""type"": ""Feature"", ""geometry"": {""type"": ""Point"", ""coordinates"": [-65.47089474, -17.54845163]}, ""properties"": {}}",TIRAQUE - MISKA MAYU - COMERCIAL,,,
216,2,2,1,"{""type"": ""Feature"", ""geometry"": {""type"": ""Point"", ""coordinates"": [-65.62813997, -17.80942114]}, ""properties"": {}}",ALALAY - RUMI CORRAL - SIN CLASIFICAR,,,
217,2,2,1,"{""type"": ""Feature"", ""geometry"": {""type"": ""Point"", ""coordinates"": [-65.68302267, -17.80836775]}, ""properties"": {}}",ALALAY - MURU KULLO - SIN CLASIFICAR,,,
218,2,2,1,"{""type"": ""Feature"", ""geometry"": {""type"": ""Point"", ""coordinates"": [-65.69835183, -17.75929695]}, ""properties"": {}}",ALALAY - ALALAY 02 (KHATA) - SIN CLASIFICAR,,,
219,2,2,1,"{""type"": ""Feature"", ""geometry"": {""type"": ""Point"", ""coordinates"": [-65.6967824, -17.75963637]}, ""properties"": {}}",ALALAY - ALALAY 01 (KHATA) - SIN CLASIFICAR,,,
220,2,2,1,"{""type"": ""Feature"", ""geometry"": {""type"": ""Point"", ""coordinates"": [-65.60685933, -17.73653523]}, ""properties"": {}}",ALALAY - PAJCHA 02 - SIN CLASIFICAR,,,
221,2,2,1,"{""type"": ""Feature"", ""geometry"": {""type"": ""Point"", ""coordinates"": [-65.59086431, -17.8253078]}, ""properties"": {}}",ALALAY - PUNKILLO 01 - SIN CLASIFICAR,,,
222,2,2,1,"{""type"": ""Feature"", ""geometry"": {""type"": ""Point"", ""coordinates"": [-65.58939882, -17.82561262]}, ""properties"": {}}",ALALAY - PUNKILLO 02 - SIN CLASIFICAR,,,
223,2,2,1,"{""type"": ""Feature"", ""geometry"": {""type"": ""Point"", ""coordinates"": [-65.60615257, -17.85471312]}, ""properties"": {}}",ALALAY - YANAGAGA - SIN CLASIFICAR,,,
224,2,2,1,"{""type"": ""Feature"", ""geometry"": {""type"": ""Point"", ""coordinates"": [-65.696024, -17.72361684]}, ""properties"": {}}",ALALAY - ALALAY 03 - SIN CLASIFICAR,,,
225,2,2,1,"{""type"": ""Feature"", ""geometry"": {""type"": ""Point"", ""coordinates"": [-65.5405531, -17.78584724]}, ""properties"": {}}",ALALAY - MUYURINA 01 - SIN CLASIFICAR,,,
226,2,2,1,"{""type"": ""Feature"", ""geometry"": {""type"": ""Point"", ""coordinates"": [-65.54432765, -17.80443725]}, ""properties"": {}}",ALALAY - MUYURINA 02 - SIN CLASIFICAR,,,
227,2,2,3,"{""type"": ""Feature"", ""geometry"": {""type"": ""Polygon"", ""coordinates"": [[[-65.74090333, -17.72226318], [-65.7394433, -17.7229157], [-65.73892343, -17.72156839], [-65.74004691, -17.72109215], [-65.74090333, -17.72226318]]]}, ""properties"": {}}",VILLA G. VILLARROÉL - SAYANI - SIN CLASIFICAR,,,
228,2,2,3,"{""type"": ""Feature"", ""geometry"": {""type"": ""Polygon"", ""coordinates"": [[[-65.7351799, -17.67849108], [-65.73416258, -17.6791193], [-65.73255993, -17.67841914], [-65.73376235, -17.67757162], [-65.7351799, -17.67849108]]]}, ""properties"": {}}",VILLA G. VILLARROÉL - CONVENTO PAMPA - SIN CLASIFICAR,,,
229,2,2,3,"{""type"": ""Feature"", ""geometry"": {""type"": ""Polygon"", ""coordinates"": [[[-65.7641874, -17.71493814], [-65.76243582, -17.71438485], [-65.7619575, -17.71329892], [-65.76325581, -17.71317229], [-65.7641874, -17.71493814]]]}, ""properties"": {}}",VILLA G. VILLARROÉL - URA YANA RUMI - SIN CLASIFICAR,,,
230,2,2,3,"{""type"": ""Feature"", ""geometry"": {""type"": ""Polygon"", ""coordinates"": [[[-65.7457557, -17.70553427], [-65.7456021, -17.70534678], [-65.74647182, -17.70491923], [-65.74725765, -17.70517012], [-65.7457557, -17.70553427]]]}, ""properties"": {}}",VILLA G. VILLARROÉL - VILLA VICTORIA (FASE I) - SIN CLASIFICAR,,,
231,2,2,3,"{""type"": ""Feature"", ""geometry"": {""type"": ""Polygon"", ""coordinates"": [[[-64.99020515, -18.30859663], [-64.98952108, -18.30915483], [-64.9892014, -18.30932077], [-64.98894151, -18.30892599], [-64.98868071, -18.30844991], [-64.98833324, -18.30783922], [-64.98835081, -18.30772159], [-64.98846839, -18.3072506], [-64.98885334, -18.30700267], [-64.98938204, -18.30774698], [-64.98963288, -18.308178], [-64.9898876, -18.30812114], [-64.99020515, -18.30859663]]]}, ""properties"": {}}",AIQUILE - THOLA MAYU - SIN CLASIFICAR,,,
232,2,2,3,"{""type"": ""Feature"", ""geometry"": {""type"": ""Polygon"", ""coordinates"": [[[-64.98911752, -18.30943005], [-64.98917172, -18.31003476], [-64.98917585, -18.31039608], [-64.9886186, -18.31046512], [-64.98859023, -18.31046542], [-64.98829485, -18.30944766], [-64.98854105, -18.3094722], [-64.98911752, -18.30943005]]]}, ""properties"": {}}",AIQUILE - THOLA MAYU - SIN CLASIFICAR (2),,,
233,2,2,3,"{""type"": ""Feature"", ""geometry"": {""type"": ""Polygon"", ""coordinates"": [[[-65.00317404, -18.28571362], [-65.00340338, -18.28509691], [-65.00268288, -18.28494185], [-65.00221225, -18.28595858], [-65.00257448, -18.28620773], [-65.00317404, -18.28571362]]]}, ""properties"": {}}",AIQUILE - THOLA MAYU - SIN CLASIFICAR (3),,,
234,2,2,3,"{""type"": ""Feature"", ""geometry"": {""type"": ""Polygon"", ""coordinates"": [[[-64.97954854, -18.3379414], [-64.98038225, -18.3388813], [-64.98075946, -18.33794689], [-64.9809107, -18.33793628], [-64.89539201, -18.33879678], [-64.9328287, -18.338195], [-64.97965557, -18.33820227], [-64.97777718, -18.33939619], [-64.89346939, -18.34033366], [-64.97882094, -18.33967444], [-64.97954854, -18.3379414]]]}, ""properties"": {}}",AIQUILE - PIRHUA PIRHUA - SIN CLASIFICAR,,,
235,2,2,1,"{""type"": ""Feature"", ""geometry"": {""type"": ""Point"", ""coordinates"": [-65.64589896, -17.39246493]}, ""properties"": {}}",TIRAQUE - RECARGAS HIDRICAS TIRAQUE - SIN CLASIFICAR,,,
236,2,2,1,"{""type"": ""Feature"", ""geometry"": {""type"": ""Point"", ""coordinates"": [-65.64589896, -17.39246493]}, ""properties"": {}}",TIRAQUE - RECARGAS HIDRICAS TIRAQUE - SIN CLASIFICAR (2),,,
237,2,2,1,"{""type"": ""Feature"", ""geometry"": {""type"": ""Point"", ""coordinates"": [-65.65028285, -17.3780119]}, ""properties"": {}}",TIRAQUE - LAGUNILLAS - SIN CLASIFICAR,,,
238,2,2,1,"{""type"": ""Feature"", ""geometry"": {""type"": ""Point"", ""coordinates"": [-66.00904109, -17.07341548]}, ""properties"": {}}",COLOMI - TABLAS MONTE - SIN CLASIFICAR,,,
239,2,2,1,"{""type"": ""Feature"", ""geometry"": {""type"": ""Point"", ""coordinates"": [-65.93934267, -17.15971905]}, ""properties"": {}}",COLOMI - SUB CENTRAL ASERRADERO - SIN CLASIFICAR,,,
240,2,2,1,"{""type"": ""Feature"", ""geometry"": {""type"": ""Point"", ""coordinates"": [-65.96937654, -17.13859395]}, ""properties"": {}}",COLOMI - CHULLUMANI - SIN CLASIFICAR,,,
241,2,2,1,"{""type"": ""Feature"", ""geometry"": {""type"": ""Point"", ""coordinates"": [-65.91916435, -17.10058574]}, ""properties"": {}}",COLOMI - ALTO CORANI - SIN CLASIFICAR,,,
242,2,2,1,"{""type"": ""Feature"", ""geometry"": {""type"": ""Point"", ""coordinates"": [-65.90061939, -17.23334481]}, ""properties"": {}}",COLOMI - HACHI - SIN CLASIFICAR,,,
243,2,2,1,"{""type"": ""Feature"", ""geometry"": {""type"": ""Point"", ""coordinates"": [-65.9462632, -17.25001749]}, ""properties"": {}}",COLOMI - KICHKA MUQU - SIN CLASIFICAR,,,
244,2,2,1,"{""type"": ""Feature"", ""geometry"": {""type"": ""Point"", ""coordinates"": [-65.87706567, -17.33410481]}, ""properties"": {}}",COLOMI - LIRIUNI - SIN CLASIFICAR,,,
245,2,2,1,"{""type"": ""Feature"", ""geometry"": {""type"": ""Point"", ""coordinates"": [-65.67567385, -17.86426906]}, ""properties"": {}}",VILA VILA - SIVINGANI ALTO - PROTECCION Y RESTAURACION DE FUENTES DE AGUA Y SUELOS,,,
246,2,2,1,"{""type"": ""Feature"", ""geometry"": {""type"": ""Point"", ""coordinates"": [-65.64108319, -17.91915203]}, ""properties"": {}}",VILA VILA - MULLU KUCHU - PROTECCION Y RESTAURACION DE FUENTES DE AGUA Y SUELOS,,,
247,2,2,1,"{""type"": ""Feature"", ""geometry"": {""type"": ""Point"", ""coordinates"": [-65.64642705, -17.90864872]}, ""properties"": {}}",VILA VILA - MULLU KUCHU - PROTECCION Y RESTAURACION DE FUENTES DE AGUA Y SUELOS (2),,,
248,2,2,1,"{""type"": ""Feature"", ""geometry"": {""type"": ""Point"", ""coordinates"": [-65.65471321, -17.9538252]}, ""properties"": {}}",VILA VILA - MULU FALDA - PROTECCION Y RESTAURACION DE FUENTES DE AGUA Y SUELOS,,,
249,2,2,1,"{""type"": ""Feature"", ""geometry"": {""type"": ""Point"", ""coordinates"": [-65.65048569, -17.9582268]}, ""properties"": {}}",VILA VILA - MULU FALDA - PROTECCION Y RESTAURACION DE FUENTES DE AGUA Y SUELOS (2),,,
250,2,2,1,"{""type"": ""Feature"", ""geometry"": {""type"": ""Point"", ""coordinates"": [-65.61103608, -17.98979227]}, ""properties"": {}}",VILA VILA - CAROMA - PROTECCION Y RESTAURACION DE FUENTES DE AGUA Y SUELOS,,,
251,2,2,1,"{""type"": ""Feature"", ""geometry"": {""type"": ""Point"", ""coordinates"": [-65.58813892, -18.01427585]}, ""properties"": {}}",VILA VILA - PILPINA - PROTECCION Y RESTAURACION DE FUENTES DE AGUA Y SUELOS,,,
252,2,2,1,"{""type"": ""Feature"", ""geometry"": {""type"": ""Point"", ""coordinates"": [-65.58321964, -17.96556425]}, ""properties"": {}}",VILA VILA - HUAÑOAMA - PROTECCION Y RESTAURACION DE FUENTES DE AGUA Y SUELOS,,,
253,2,2,1,"{""type"": ""Feature"", ""geometry"": {""type"": ""Point"", ""coordinates"": [-65.64991176, -17.97845078]}, ""properties"": {}}",VILA VILA - MOJON - PROTECCION Y RESTAURACION DE FUENTES DE AGUA Y SUELOS,,,
254,2,2,1,"{""type"": ""Feature"", ""geometry"": {""type"": ""Point"", ""coordinates"": [-65.89258248, -17.47464527]}, ""properties"": {}}",SAN BENITO - KEWIÑA LOMA - PROTECCION Y RESTAURACION DE FUENTES DE AGUA Y SUELOS,,,
255,2,2,1,"{""type"": ""Feature"", ""geometry"": {""type"": ""Point"", ""coordinates"": [-65.99754481, -17.82392135]}, ""properties"": {}}",ANZALDO - SIVINGANI - PROTECCION Y RESTAURACION DE FUENTES DE AGUA Y SUELOS,,,
256,2,2,1,"{""type"": ""Feature"", ""geometry"": {""type"": ""Point"", ""coordinates"": [-65.99169796, -17.85816666]}, ""properties"": {}}",ANZALDO - TOLAHARA - PROTECCION Y RESTAURACION DE FUENTES DE AGUA Y SUELOS,,,
257,2,2,1,"{""type"": ""Feature"", ""geometry"": {""type"": ""Point"", ""coordinates"": [-65.99330927, -17.85698625]}, ""properties"": {}}",ANZALDO - TOLAHARA - PROTECCION Y RESTAURACION DE FUENTES DE AGUA Y SUELOS (2),,,
258,2,2,1,"{""type"": ""Feature"", ""geometry"": {""type"": ""Point"", ""coordinates"": [-65.99390515, -17.85766328]}, ""properties"": {}}",ANZALDO - TOLAHARA - PROTECCION Y RESTAURACION DE FUENTES DE AGUA Y SUELOS (3),,,
259,2,2,1,"{""type"": ""Feature"", ""geometry"": {""type"": ""Point"", ""coordinates"": [-66.24466482, -17.52917447]}, ""properties"": {}}",SANTIVAÑEZ - SAUCINI - PROTECCION Y RESTAURACION DE FUENTES DE AGUA Y SUELOS [pto 1],,,
260,2,2,1,"{""type"": ""Feature"", ""geometry"": {""type"": ""Point"", ""coordinates"": [-66.2509956, -17.52948131]}, ""properties"": {}}",SANTIVAÑEZ - SAUCINI - PROTECCION Y RESTAURACION DE FUENTES DE AGUA Y SUELOS [pto 2],,,
261,2,2,1,"{""type"": ""Feature"", ""geometry"": {""type"": ""Point"", ""coordinates"": [-66.25416093, -17.53394086]}, ""properties"": {}}",SANTIVAÑEZ - SAUCINI - PROTECCION Y RESTAURACION DE FUENTES DE AGUA Y SUELOS [pto 1] (2),,,
262,2,2,1,"{""type"": ""Feature"", ""geometry"": {""type"": ""Point"", ""coordinates"": [-66.25387923, -17.53117037]}, ""properties"": {}}",SANTIVAÑEZ - SAUCINI - PROTECCION Y RESTAURACION DE FUENTES DE AGUA Y SUELOS [pto 2] (2),,,
263,2,2,1,"{""type"": ""Feature"", ""geometry"": {""type"": ""Point"", ""coordinates"": [-66.19681185, -17.53031456]}, ""properties"": {}}",SANTIVAÑEZ - CARRETERA - PROTECCION Y RESTAURACION DE FUENTES DE AGUA Y SUELOS [pto 1],,,
264,2,2,1,"{""type"": ""Feature"", ""geometry"": {""type"": ""Point"", ""coordinates"": [-66.18727832, -17.52499597]}, ""properties"": {}}",SANTIVAÑEZ - CARRETERA - PROTECCION Y RESTAURACION DE FUENTES DE AGUA Y SUELOS [pto 2],,,
265,2,2,1,"{""type"": ""Feature"", ""geometry"": {""type"": ""Point"", ""coordinates"": [-65.32404519, -17.64606891]}, ""properties"": {}}",POCONA - CHIUCHI - MIXTO (COMERCIAL / PROTECCION),,,
266,2,2,1,"{""type"": ""Feature"", ""geometry"": {""type"": ""Point"", ""coordinates"": [-65.34904997, -17.69639898]}, ""properties"": {}}",POCONA - QOPI ESQUINA - MIXTO (COMERCIAL / PROTECCION),,,
267,2,2,3,"{""type"": ""Feature"", ""geometry"": {""type"": ""Polygon"", ""coordinates"": [[[-65.16483502, -17.9367], [-65.16747302, -17.93300898], [-65.17015245, -17.92949678], [-65.17015272, -17.92797013], [-65.166131, -17.92379502], [-65.15988122, -17.94007195], [-65.16193966, -17.94559559], [-65.16394957, -17.94789479], [-65.14185495, -17.96266543], [-65.17278195, -17.93654904], [-65.1644388, -17.92574224], [-65.17329233, -17.92307236], [-65.1600848, -17.90635172], [-65.16117889, -17.87647955], [-65.16892642, -17.85376217], [-65.16483502, -17.9367]]]}, ""properties"": {}}",TOTORA - HOYADAS - RESTAURACION,,,
268,2,2,3,"{""type"": ""Feature"", ""geometry"": {""type"": ""Polygon"", ""coordinates"": [[[-65.26188147, -17.73965154], [-65.26424761, -17.73822772], [-65.26833497, -17.74272603], [-65.27136693, -17.74793462], [-65.27505975, -17.75053469], [-65.276966, -17.74390345], [-65.27923415, -17.74208107], [-65.28244478, -17.74078497], [-65.28589267, -17.74144668], [-65.28262886, -17.74729725], [-65.28854807, -17.74758613], [-65.29063418, -17.74353885], [-65.29750581, -17.75241821], [-65.29791182, -17.75353967], [-65.30401729, -17.75032284], [-65.13928219, -17.75306165], [-65.13179189, -17.7431569], [-65.13164957, -17.73712191], [-65.12061192, -17.74044105], [-65.12105464, -17.7384257], [-65.1358677, -17.73013478], [-65.1342608, -17.73206534], [-65.13172299, -17.72434557], [-65.13571625, -17.72756768], [-65.1380738, -17.72914062], [-65.13808179, -17.72594467], [-65.13928609, -17.72498292], [-65.14502045, -17.71157078], [-65.11204897, -17.7258033], [-65.11384677, -17.72246536], [-65.26188147, -17.73965154]]]}, ""properties"": {}}",TOTORA - ARDILA - RESTAURACION,,,
